Comment,Designator,Footprint,LCSC,Quantity
0R1,"R17,R23,R26",R_1206_3216Metric,C25334,3
1.8A,"F1,F2,F3,F4",Fuse_1206_3216Metric,C5375706,4
100n,"C13,C18,C19,C20,C24,C25,C26,C27,C29,C32,C33,C34,C35,C37,C38,C42,C43,C44,C45,C46,C47,C48,C49,C50,C51,C52,C53,C54,C55",C_0603_1608Metric,C14663,29
10k,"R10,R15,R5,R8",R_0603_1608Metric,C25804,4
12MHz,Y1,Crystal_SMD_3225-4Pin_3.2x2.5mm,C9002,1
15p,"C22,C23",C_0603_1608Metric,C1644,2
1R,"R3,R4",R_0603_1608Metric,C22936,2
1u,L1,L_Changjiang_FNR5045S,C436396,1
22u,"C1,C10,C11,C12,C14,C2,C21,C28,C30,C31,C36,C39,C4,C40,C41,C5,C6,C7,C8,C9",C_1206_3216Metric,C12891,20
2N7002K,"Q1,Q2,Q3",SOT-23,C8545,3
5k1,"R1,R11,R12,R13,R14,R16,R18,R19,R2,R20,R21,R22,R24,R25,R27,R28,R29,R30,R7,R9",R_0603_1608Metric,C23186,20
AP1117-33,U2,SOT-223-3_TabPin2,C6186,1
BAT,J5,JST_ZH_S2B-ZR-SM4A-TF_1x02-1MP_P1.50mm_Horizontal,C19272405,1
CH334F,U1,QFN-24-1EP_4x4mm_P0.5mm_EP2.7x2.7mm,C5187527,1
CH343P,U13,WCH_QFN-16-1EP_3x3mm_P0.5mm_EP1.8x1.8mm,C2846043,1
Conn_01x06_MountingPin,"J1,J101,J102",JST_ZH_S6B-ZR-SM4A-TF_1x06-1MP_P1.50mm_Horizontal,C19272409,3
DRV8837,"U14,U6",WSON-8-1EP_2x2mm_P0.5mm_EP0.9x1.6mm,C39159,2
ESP32-S3-WROOM-1,U7,ESP32-S3-WROOM-1,C2913202,1
ICM-42670-L,U10,LGA-14_3x2.5mm_P0.5mm_LayoutBorder3x4y,C49073546,1
INA219AxDCN,"U17,U18,U9",SOT-23-8,C87469,3
IP5306,U5,Diodes_SO-8EP,C181692,1
LED,"D13,D14,D15,D16",LED_0603_1608Metric,C2290,4
LESD5D5,"D1,D2,D3",D_SOD-523,C383211,3
LP5012,U4,WQFN-20-1EP_3x3mm_P0.4mm_EP1.7x1.7mm,C1849481,1
LTR-303ALS-01,"U15,U16",Lite-On_LTR-303ALS-01,C364577,2
MMC5603NJ,U8,WLP-4_0.86x0.86mm_P0.4mm,C404328,1
SW_Push,"SW1,SW2,SW3,SW4",SW_Push_SPST_NO_Alps_SKRK,C720477,4
TCA9546APW,U12,TSSOP-16_4.4x5mm_P0.65mm,C42420613,1
USB_C_Receptacle_USB2.0_16P,J8,USB_C_Receptacle_GCT_USB4105-xx-A_16P_TopMnt_Horizontal,C668624,1
XL2121RGBC-WS2812B,"D10,D11,D12,D17,D18,D19,D4,D5,D6,D7,D8,D9",LED_ASMB-KTF0-0A306,C5349957,12
GY530,U11,GY530,,1
