Designator,Val,Package,Mid X,Mid Y,Rotation,Layer
C1,22u,C_1206_3216Metric,127.2485,-136.571,90.0,top
C10,22u,C_1206_3216Metric,127.75,-124.225,90.0,top
C11,22u,C_1206_3216Metric,116.525,-144.25,0.0,top
C12,22u,C_1206_3216Metric,87.7,-124.1,90.0,top
C13,100n,C_0603_1608Metric,120.5,-130.775,-90.0,top
C14,22u,C_1206_3216Metric,96.5,-125.0,-90.0,top
C18,100n,C_0603_1608Metric,81.5,-131.25,0.0,top
C19,100n,C_0603_1608Metric,67.34,-102.9,-90.0,top
C2,22u,C_1206_3216Metric,122.7485,-141.071,180.0,top
C20,100n,C_0603_1608Metric,63.34,-100.6,180.0,top
C21,22u,C_1206_3216Metric,64.24,-102.6,180.0,top
C22,15p,C_0603_1608Metric,78.0,-134.0,-90.0,top
C23,15p,C_0603_1608Metric,72.025,-132.0,90.0,top
C24,100n,C_0603_1608Metric,63.75,-137.13125,0.0,top
C25,100n,C_0603_1608Metric,79.5,-138.5,0.0,top
C26,100n,C_0603_1608Metric,79.5,-140.0,0.0,top
C27,100n,C_0603_1608Metric,67.7125,-142.8125,-90.0,top
C28,22u,C_1206_3216Metric,65.7125,-143.3125,-90.0,top
C29,100n,C_0603_1608Metric,69.4625,-142.8125,-90.0,top
C30,22u,C_1206_3216Metric,71.4625,-143.3125,-90.0,top
C31,22u,C_1206_3216Metric,78.5,-142.0,0.0,top
C32,100n,C_0603_1608Metric,100.0,-83.55,180.0,top
C33,100n,C_0603_1608Metric,132.5,-69.975,90.0,top
C34,100n,C_0603_1608Metric,100.0,-79.55,180.0,top
C35,100n,C_0603_1608Metric,67.5,-70.0,-90.0,top
C36,22u,C_1206_3216Metric,100.0,-81.55,180.0,top
C37,100n,C_0603_1608Metric,109.25,-84.0,90.0,top
C38,100n,C_0603_1608Metric,92.0,-127.0,180.0,top
C39,22u,C_1206_3216Metric,64.25,-105.0,180.0,top
C4,22u,C_1206_3216Metric,116.5,-134.25,0.0,top
C40,22u,C_1206_3216Metric,66.2,-107.5,180.0,top
C41,22u,C_1206_3216Metric,66.2,-110.0,180.0,top
C42,100n,C_0603_1608Metric,133.274,-124.1125,90.0,top
C43,100n,C_0603_1608Metric,75.0,-109.5,0.0,top
C44,100n,C_0603_1608Metric,108.625,-130.0,0.0,top
C45,100n,C_0603_1608Metric,58.0,-122.0,0.0,top
C46,100n,C_0603_1608Metric,60.0,-139.5,0.0,top
C47,100n,C_0603_1608Metric,87.0,-152.0,180.0,top
C48,100n,C_0603_1608Metric,113.0,-152.0,180.0,top
C49,100n,C_0603_1608Metric,140.0,-139.5,0.0,top
C5,22u,C_1206_3216Metric,116.5,-131.75,0.0,top
C50,100n,C_0603_1608Metric,142.0,-122.0,0.0,top
C51,100n,C_0603_1608Metric,125.0,-109.5,0.0,top
C52,100n,C_0603_1608Metric,142.0,-78.0,0.0,top
C53,100n,C_0603_1608Metric,125.0,-70.0,-90.0,top
C54,100n,C_0603_1608Metric,75.0,-70.0,90.0,top
C55,100n,C_0603_1608Metric,58.0,-78.0,0.0,top
C6,22u,C_1206_3216Metric,116.5,-136.75,0.0,top
C7,22u,C_1206_3216Metric,124.816,-133.071,0.0,top
C8,22u,C_1206_3216Metric,116.5,-139.25,0.0,top
C9,22u,C_1206_3216Metric,116.5,-141.75,0.0,top
D1,LESD5D5,D_SOD-523,95.5,-148.0,-90.0,top
D10,XL2121RGBC-WS2812B,LED_ASMB-KTF0-0A306,142.0,-120.0,0.0,top
D11,XL2121RGBC-WS2812B,LED_ASMB-KTF0-0A306,125.0,-107.5,0.0,top
D12,XL2121RGBC-WS2812B,LED_ASMB-KTF0-0A306,142.0,-76.0,0.0,top
D13,LED,LED_0603_1608Metric,128.0,-149.5,30.0,top
D14,LED,LED_0603_1608Metric,130.75,-147.75,32.0,top
D15,LED,LED_0603_1608Metric,133.5,-146.0,35.0,top
D16,LED,LED_0603_1608Metric,136.14674,-144.0,40.0,top
D17,XL2121RGBC-WS2812B,LED_ASMB-KTF0-0A306,127.0,-70.0,-90.0,top
D18,XL2121RGBC-WS2812B,LED_ASMB-KTF0-0A306,73.0,-70.0,90.0,top
D19,XL2121RGBC-WS2812B,LED_ASMB-KTF0-0A306,58.0,-76.0,0.0,top
D2,LESD5D5,D_SOD-523,98.5,-148.0,-90.0,top
D3,LESD5D5,D_SOD-523,101.0,-148.0,-90.0,top
D4,XL2121RGBC-WS2812B,LED_ASMB-KTF0-0A306,75.0,-107.5,0.0,top
D5,XL2121RGBC-WS2812B,LED_ASMB-KTF0-0A306,58.0,-120.0,0.0,top
D6,XL2121RGBC-WS2812B,LED_ASMB-KTF0-0A306,60.0,-137.5,0.0,top
D7,XL2121RGBC-WS2812B,LED_ASMB-KTF0-0A306,87.0,-154.0,180.0,top
D8,XL2121RGBC-WS2812B,LED_ASMB-KTF0-0A306,113.0,-154.0,180.0,top
D9,XL2121RGBC-WS2812B,LED_ASMB-KTF0-0A306,140.0,-137.5,0.0,top
F1,1.8A,Fuse_1206_3216Metric,125.1,-128.0,90.0,top
F2,1.8A,Fuse_1206_3216Metric,85.0,-128.2,90.0,top
F3,1.8A,Fuse_1206_3216Metric,112.5,-129.25,180.0,top
F4,1.8A,Fuse_1206_3216Metric,111.5,-75.4,90.0,top
J1,Conn_01x06_MountingPin,JST_ZH_S6B-ZR-SM4A-TF_1x06-1MP_P1.50mm_Horizontal,80.0,-122.0,180.0,top
J101,Conn_01x06_MountingPin,JST_ZH_S6B-ZR-SM4A-TF_1x06-1MP_P1.50mm_Horizontal,120.0,-122.0,180.0,top
J102,Conn_01x06_MountingPin,JST_ZH_S6B-ZR-SM4A-TF_1x06-1MP_P1.50mm_Horizontal,94.0,-139.5,-90.0,top
J5,BAT,JST_ZH_S2B-ZR-SM4A-TF_1x02-1MP_P1.50mm_Horizontal,129.75,-130.2,90.0,top
J8,USB_C_Receptacle_USB2.0_16P,USB_C_Receptacle_GCT_USB4105-xx-A_16P_TopMnt_Horizontal,100.0,-153.135,0.0,top
L1,1u,L_Changjiang_FNR5045S,131.2485,-137.711,0.0,top
Q1,2N7002K,SOT-23,127.2485,-144.071,270.0,top
Q2,2N7002K,SOT-23,63.75,-134.63125,90.0,top
Q3,2N7002K,SOT-23,67.75,-134.63125,270.0,top
R1,5k1,R_0603_1608Metric,97.0,-148.0,90.0,top
R10,10k,R_0603_1608Metric,124.4985,-144.071,-90.0,top
R11,5k1,R_0603_1608Metric,128.6,-147.3,-149.0,top
R12,5k1,R_0603_1608Metric,131.312044,-145.555348,-146.5,top
R13,5k1,R_0603_1608Metric,134.1,-143.6,-142.5,top
R14,5k1,R_0603_1608Metric,92.0,-128.5,180.0,top
R15,10k,R_0603_1608Metric,66.34,-100.6,0.0,top
R16,5k1,R_0603_1608Metric,92.0,-130.0,180.0,top
R17,0R1,R_1206_3216Metric,82.5,-128.2,90.0,top
R18,5k1,R_0603_1608Metric,92.0,-131.5,180.0,top
R19,5k1,R_0603_1608Metric,111.0,-126.6,-90.0,top
R2,5k1,R_0603_1608Metric,102.5,-148.0,90.0,top
R20,5k1,R_0603_1608Metric,112.5,-126.6,-90.0,top
R21,5k1,R_0603_1608Metric,114.0,-126.6,-90.0,top
R22,5k1,R_0603_1608Metric,118.5,-75.25,90.0,top
R23,0R1,R_1206_3216Metric,122.5,-128.2,90.0,top
R24,5k1,R_0603_1608Metric,117.0,-75.25,90.0,top
R25,5k1,R_0603_1608Metric,73.4,-73.1,0.0,top
R26,0R1,R_1206_3216Metric,113.0,-133.0,-90.0,top
R27,5k1,R_0603_1608Metric,69.0,-72.75,90.0,top
R28,5k1,R_0603_1608Metric,71.2,-76.2,90.0,top
R29,5k1,R_0603_1608Metric,69.7,-76.2,90.0,top
R3,1R,R_0603_1608Metric,127.2485,-140.571,90.0,top
R30,5k1,R_0603_1608Metric,109.3,-78.795,90.0,top
R4,1R,R_0603_1608Metric,120.7485,-133.821,0.0,top
R5,10k,R_0603_1608Metric,134.375,-120.0,180.0,top
R7,5k1,R_0603_1608Metric,129.0635,-141.961,90.0,top
R8,10k,R_0603_1608Metric,130.8,-143.7,-135.0,top
R9,5k1,R_0603_1608Metric,126.014471,-148.8875,-150.0,top
SW1,SW_Push,SW_Push_SPST_NO_Alps_SKRK,70.0,-120.0,180.0,top
SW2,SW_Push,SW_Push_SPST_NO_Alps_SKRK,90.0,-120.0,0.0,top
SW3,SW_Push,SW_Push_SPST_NO_Alps_SKRK,110.0,-120.0,0.0,top
SW4,SW_Push,SW_Push_SPST_NO_Alps_SKRK,130.0,-120.0,0.0,top
U1,CH334F,QFN-24-1EP_4x4mm_P0.5mm_EP2.7x2.7mm,74.9625,-137.75,180.0,top
U10,ICM-42670-L,LGA-14_3x2.5mm_P0.5mm_LayoutBorder3x4y,100.0,-86.05,180.0,top
U11,GY530,GY530,130.0,-78.52,0.0,top
U12,TCA9546APW,TSSOP-16_4.4x5mm_P0.65mm,105.75,-81.7,180.0,top
U13,CH343P,WCH_QFN-16-1EP_3x3mm_P0.5mm_EP1.8x1.8mm,67.75,-138.63125,0.0,top
U14,DRV8837,WSON-8-1EP_2x2mm_P0.5mm_EP0.9x1.6mm,120.0,-127.5,-90.0,top
U15,LTR-303ALS-01,Lite-On_LTR-303ALS-01,130.0,-70.0,180.0,top
U16,LTR-303ALS-01,Lite-On_LTR-303ALS-01,70.0,-70.0,0.0,top
U17,INA219AxDCN,SOT-23-8,130.734,-124.1125,0.0,top
U18,INA219AxDCN,SOT-23-8,110.175,-132.8625,180.0,top
U2,AP1117-33,SOT-223-3_TabPin2,109.75,-139.0,0.0,top
U4,LP5012,WQFN-20-1EP_3x3mm_P0.4mm_EP1.7x1.7mm,100.0,-125.0,0.0,top
U5,IP5306,Diodes_SO-8EP,122.5635,-137.211,0.0,top
U6,DRV8837,WSON-8-1EP_2x2mm_P0.5mm_EP0.9x1.6mm,80.0,-127.5,-90.0,top
U7,ESP32-S3-WROOM-1,ESP32-S3-WROOM-1,72.41,-90.0,90.0,top
U8,MMC5603NJ,WLP-4_0.86x0.86mm_P0.4mm,100.0,-77.3,90.0,top
U9,INA219AxDCN,SOT-23-8,90.575,-123.8875,0.0,top
Y1,12MHz,Crystal_SMD_3225-4Pin_3.2x2.5mm,75.0,-133.0,180.0,top
